<?xml version="1.0" encoding="UTF-8"?>
<!-- IMPORTANT: This is an internal file that has been generated
     by the Xilinx ISE software.  Any direct editing or
     changes made to this file may result in unpredictable
     behavior or data corruption.  It is strongly advised that
     users do not edit the contents of this file. -->
<DeviceUsageSummary rev="2">
<DesignStatistics TimeStamp="Mon Mar 25 15:41:14 2019"><group name="NetStatistics">
<item name="NumNets_Active" rev="2">
<attrib name="value" value="2015"/></item>
<item name="NumNets_Gnd" rev="2">
<attrib name="value" value="1"/></item>
<item name="NumNets_Vcc" rev="2">
<attrib name="value" value="1"/></item>
<item name="NumNodesOfType_Active_CLKPIN" rev="2">
<attrib name="value" value="441"/></item>
<item name="NumNodesOfType_Active_CNTRLPIN" rev="2">
<attrib name="value" value="446"/></item>
<item name="NumNodesOfType_Active_DOUBLE" rev="2">
<attrib name="value" value="6263"/></item>
<item name="NumNodesOfType_Active_DUMMY" rev="2">
<attrib name="value" value="7195"/></item>
<item name="NumNodesOfType_Active_DUMMYESC" rev="2">
<attrib name="value" value="8"/></item>
<item name="NumNodesOfType_Active_GLOBAL" rev="2">
<attrib name="value" value="80"/></item>
<item name="NumNodesOfType_Active_HFULLHEX" rev="2">
<attrib name="value" value="63"/></item>
<item name="NumNodesOfType_Active_HLONG" rev="2">
<attrib name="value" value="14"/></item>
<item name="NumNodesOfType_Active_HUNIHEX" rev="2">
<attrib name="value" value="489"/></item>
<item name="NumNodesOfType_Active_INPUT" rev="2">
<attrib name="value" value="8294"/></item>
<item name="NumNodesOfType_Active_IOBOUTPUT" rev="2">
<attrib name="value" value="8"/></item>
<item name="NumNodesOfType_Active_OMUX" rev="2">
<attrib name="value" value="1942"/></item>
<item name="NumNodesOfType_Active_OUTPUT" rev="2">
<attrib name="value" value="1992"/></item>
<item name="NumNodesOfType_Active_PREBXBY" rev="2">
<attrib name="value" value="1770"/></item>
<item name="NumNodesOfType_Active_VFULLHEX" rev="2">
<attrib name="value" value="278"/></item>
<item name="NumNodesOfType_Active_VLONG" rev="2">
<attrib name="value" value="61"/></item>
<item name="NumNodesOfType_Active_VUNIHEX" rev="2">
<attrib name="value" value="429"/></item>
<item name="NumNodesOfType_Vcc_CNTRLPIN" rev="2">
<attrib name="value" value="1"/></item>
<item name="NumNodesOfType_Vcc_INPUT" rev="2">
<attrib name="value" value="3"/></item>
<item name="NumNodesOfType_Vcc_PREBXBY" rev="2">
<attrib name="value" value="3"/></item>
<item name="NumNodesOfType_Vcc_VCCOUT" rev="2">
<attrib name="value" value="4"/></item>
</group>
<group name="SiteStatistics">
<item name="IBUF-DIFFM" rev="2">
<attrib name="value" value="3"/></item>
<item name="IBUF-DIFFS" rev="2">
<attrib name="value" value="2"/></item>
<item name="IBUF-DIFFSI" rev="2">
<attrib name="value" value="1"/></item>
<item name="IBUF-IOB" rev="2">
<attrib name="value" value="1"/></item>
<item name="IOB-DIFFM" rev="2">
<attrib name="value" value="4"/></item>
<item name="IOB-DIFFS" rev="2">
<attrib name="value" value="3"/></item>
<item name="SLICEL-SLICEM" rev="2">
<attrib name="value" value="380"/></item>
</group>
<group name="MiscellaneousStatistics">
<item name="AGG_BONDED_IO" rev="1">
<attrib name="value" value="15"/></item>
<item name="AGG_IO" rev="1">
<attrib name="value" value="15"/></item>
<item name="AGG_SLICE" rev="1">
<attrib name="value" value="1052"/></item>
<item name="NUM_4_INPUT_LUT" rev="1">
<attrib name="value" value="2046"/></item>
<item name="NUM_BONDED_IBUF" rev="1">
<attrib name="value" value="8"/></item>
<item name="NUM_BONDED_IOB" rev="1">
<attrib name="value" value="7"/></item>
<item name="NUM_BUFGMUX" rev="1">
<attrib name="value" value="1"/></item>
<item name="NUM_CYMUX" rev="1">
<attrib name="value" value="57"/></item>
<item name="NUM_LUT_RT" rev="1">
<attrib name="value" value="36"/></item>
<item name="NUM_SLICEL" rev="1">
<attrib name="value" value="920"/></item>
<item name="NUM_SLICEM" rev="1">
<attrib name="value" value="132"/></item>
<item name="NUM_SLICE_FF" rev="1">
<attrib name="value" value="715"/></item>
<item name="NUM_XOR" rev="1">
<attrib name="value" value="36"/></item>
</group>
</DesignStatistics>
<DeviceUsage TimeStamp="Mon Mar 25 15:41:14 2019"><group name="SiteSummary">
<item name="BUFGMUX" rev="2">
<attrib name="total" value="1000000"/><attrib name="used" value="1"/></item>
<item name="BUFGMUX_GCLKMUX" rev="2">
<attrib name="total" value="1000000"/><attrib name="used" value="1"/></item>
<item name="BUFGMUX_GCLK_BUFFER" rev="2">
<attrib name="total" value="1000000"/><attrib name="used" value="1"/></item>
<item name="IBUF" rev="2">
<attrib name="total" value="1000000"/><attrib name="used" value="8"/></item>
<item name="IBUF_INBUF" rev="2">
<attrib name="total" value="1000000"/><attrib name="used" value="8"/></item>
<item name="IBUF_PAD" rev="2">
<attrib name="total" value="1000000"/><attrib name="used" value="8"/></item>
<item name="IOB" rev="2">
<attrib name="total" value="1000000"/><attrib name="used" value="7"/></item>
<item name="IOB_OUTBUF" rev="2">
<attrib name="total" value="1000000"/><attrib name="used" value="7"/></item>
<item name="IOB_PAD" rev="2">
<attrib name="total" value="1000000"/><attrib name="used" value="7"/></item>
<item name="SLICEL" rev="2">
<attrib name="total" value="1000000"/><attrib name="used" value="920"/></item>
<item name="SLICEL_C1VDD" rev="2">
<attrib name="total" value="1000000"/><attrib name="used" value="8"/></item>
<item name="SLICEL_C2VDD" rev="2">
<attrib name="total" value="1000000"/><attrib name="used" value="5"/></item>
<item name="SLICEL_CYMUXF" rev="2">
<attrib name="total" value="1000000"/><attrib name="used" value="31"/></item>
<item name="SLICEL_CYMUXG" rev="2">
<attrib name="total" value="1000000"/><attrib name="used" value="26"/></item>
<item name="SLICEL_F" rev="2">
<attrib name="total" value="1000000"/><attrib name="used" value="894"/></item>
<item name="SLICEL_F5MUX" rev="2">
<attrib name="total" value="1000000"/><attrib name="used" value="202"/></item>
<item name="SLICEL_F6MUX" rev="2">
<attrib name="total" value="1000000"/><attrib name="used" value="106"/></item>
<item name="SLICEL_FFX" rev="2">
<attrib name="total" value="1000000"/><attrib name="used" value="409"/></item>
<item name="SLICEL_FFY" rev="2">
<attrib name="total" value="1000000"/><attrib name="used" value="305"/></item>
<item name="SLICEL_G" rev="2">
<attrib name="total" value="1000000"/><attrib name="used" value="888"/></item>
<item name="SLICEL_GNDF" rev="2">
<attrib name="total" value="1000000"/><attrib name="used" value="23"/></item>
<item name="SLICEL_GNDG" rev="2">
<attrib name="total" value="1000000"/><attrib name="used" value="21"/></item>
<item name="SLICEL_XORF" rev="2">
<attrib name="total" value="1000000"/><attrib name="used" value="18"/></item>
<item name="SLICEL_XORG" rev="2">
<attrib name="total" value="1000000"/><attrib name="used" value="18"/></item>
<item name="SLICEM" rev="2">
<attrib name="total" value="1000000"/><attrib name="used" value="132"/></item>
<item name="SLICEM_F" rev="2">
<attrib name="total" value="1000000"/><attrib name="used" value="132"/></item>
<item name="SLICEM_F5MUX" rev="2">
<attrib name="total" value="1000000"/><attrib name="used" value="132"/></item>
<item name="SLICEM_F6MUX" rev="2">
<attrib name="total" value="1000000"/><attrib name="used" value="132"/></item>
<item name="SLICEM_FFY" rev="2">
<attrib name="total" value="1000000"/><attrib name="used" value="1"/></item>
<item name="SLICEM_G" rev="2">
<attrib name="total" value="1000000"/><attrib name="used" value="132"/></item>
</group>
</DeviceUsage>
<ReportConfigData TimeStamp="Mon Mar 25 15:41:14 2019"><group name="SLICEL_CYMUXF">
<item name="0" rev="2">
<attrib name="0" value="31"/><attrib name="0_INV" value="0"/></item>
<item name="1" rev="2">
<attrib name="1_INV" value="0"/><attrib name="1" value="31"/></item>
</group>
<group name="SLICEL_CYMUXG">
<item name="0" rev="2">
<attrib name="0" value="26"/><attrib name="0_INV" value="0"/></item>
</group>
<group name="IBUF_PAD">
<item name="IOATTRBOX" rev="2">
<attrib name="LVCMOS25" value="8"/></item>
</group>
<group name="SLICEM_F">
<item name="LUT_OR_MEM" rev="2">
<attrib name="LUT" value="132"/></item>
</group>
<group name="SLICEM_G">
<item name="LUT_OR_MEM" rev="2">
<attrib name="LUT" value="132"/></item>
</group>
<group name="SLICEM_F6MUX">
<item name="S0" rev="2">
<attrib name="S0" value="132"/><attrib name="S0_INV" value="0"/></item>
</group>
<group name="SLICEL">
<item name="BX" rev="2">
<attrib name="BX_INV" value="0"/><attrib name="BX" value="209"/></item>
<item name="BY" rev="2">
<attrib name="BY" value="124"/><attrib name="BY_INV" value="1"/></item>
<item name="CE" rev="2">
<attrib name="CE" value="415"/><attrib name="CE_INV" value="0"/></item>
<item name="CIN" rev="2">
<attrib name="CIN_INV" value="0"/><attrib name="CIN" value="26"/></item>
<item name="CLK" rev="2">
<attrib name="CLK" value="440"/><attrib name="CLK_INV" value="0"/></item>
<item name="SR" rev="2">
<attrib name="SR" value="31"/><attrib name="SR_INV" value="0"/></item>
</group>
<group name="SLICEM">
<item name="BX" rev="2">
<attrib name="BX_INV" value="0"/><attrib name="BX" value="132"/></item>
<item name="BY" rev="2">
<attrib name="BY" value="132"/><attrib name="BY_INV" value="0"/></item>
<item name="CLK" rev="2">
<attrib name="CLK" value="1"/><attrib name="CLK_INV" value="0"/></item>
</group>
<group name="SLICEL_F6MUX">
<item name="S0" rev="2">
<attrib name="S0" value="106"/><attrib name="S0_INV" value="0"/></item>
</group>
<group name="IOB_OUTBUF">
<item name="IN" rev="2">
<attrib name="IN_INV" value="0"/><attrib name="IN" value="7"/></item>
</group>
<group name="SLICEM_F5MUX">
<item name="S0" rev="2">
<attrib name="S0" value="132"/><attrib name="S0_INV" value="0"/></item>
</group>
<group name="SLICEL_FFX">
<item name="CE" rev="2">
<attrib name="CE" value="391"/><attrib name="CE_INV" value="0"/></item>
<item name="CK" rev="2">
<attrib name="CK" value="409"/><attrib name="CK_INV" value="0"/></item>
<item name="D" rev="2">
<attrib name="D" value="409"/><attrib name="D_INV" value="0"/></item>
<item name="FFX_INIT_ATTR" rev="2">
<attrib name="INIT0" value="408"/><attrib name="INIT1" value="1"/></item>
<item name="FFX_SR_ATTR" rev="2">
<attrib name="SRLOW" value="409"/></item>
<item name="LATCH_OR_FF" rev="2">
<attrib name="FF" value="409"/></item>
<item name="SR" rev="2">
<attrib name="SR" value="20"/><attrib name="SR_INV" value="0"/></item>
<item name="SYNC_ATTR" rev="2">
<attrib name="ASYNC" value="389"/><attrib name="SYNC" value="20"/></item>
</group>
<group name="SLICEL_XORF">
<item name="1" rev="2">
<attrib name="1_INV" value="0"/><attrib name="1" value="18"/></item>
</group>
<group name="SLICEL_FFY">
<item name="CE" rev="2">
<attrib name="CE" value="287"/><attrib name="CE_INV" value="0"/></item>
<item name="CK" rev="2">
<attrib name="CK" value="305"/><attrib name="CK_INV" value="0"/></item>
<item name="D" rev="2">
<attrib name="D" value="304"/><attrib name="D_INV" value="1"/></item>
<item name="FFY_INIT_ATTR" rev="2">
<attrib name="INIT0" value="303"/><attrib name="INIT1" value="2"/></item>
<item name="FFY_SR_ATTR" rev="2">
<attrib name="SRLOW" value="304"/><attrib name="SRHIGH" value="1"/></item>
<item name="LATCH_OR_FF" rev="2">
<attrib name="FF" value="305"/></item>
<item name="SR" rev="2">
<attrib name="SR" value="29"/><attrib name="SR_INV" value="0"/></item>
<item name="SYNC_ATTR" rev="2">
<attrib name="ASYNC" value="276"/><attrib name="SYNC" value="29"/></item>
</group>
<group name="BUFGMUX_GCLKMUX">
<item name="DISABLE_ATTR" rev="2">
<attrib name="LOW" value="1"/></item>
<item name="S" rev="2">
<attrib name="S_INV" value="1"/><attrib name="S" value="0"/></item>
</group>
<group name="SLICEL_F5MUX">
<item name="S0" rev="2">
<attrib name="S0" value="202"/><attrib name="S0_INV" value="0"/></item>
</group>
<group name="SLICEM_FFY">
<item name="CK" rev="2">
<attrib name="CK" value="1"/><attrib name="CK_INV" value="0"/></item>
<item name="D" rev="2">
<attrib name="D" value="1"/><attrib name="D_INV" value="0"/></item>
<item name="FFY_INIT_ATTR" rev="2">
<attrib name="INIT0" value="1"/></item>
<item name="FFY_SR_ATTR" rev="2">
<attrib name="SRLOW" value="1"/></item>
<item name="LATCH_OR_FF" rev="2">
<attrib name="FF" value="1"/></item>
<item name="SYNC_ATTR" rev="2">
<attrib name="ASYNC" value="1"/></item>
</group>
<group name="IOB_PAD">
<item name="DRIVEATTRBOX" rev="2">
<attrib name="12" value="7"/></item>
<item name="IOATTRBOX" rev="2">
<attrib name="LVCMOS25" value="7"/></item>
<item name="SLEW" rev="2">
<attrib name="SLOW" value="7"/></item>
</group>
<group name="IOB">
<item name="O1" rev="2">
<attrib name="O1_INV" value="0"/><attrib name="O1" value="7"/></item>
</group>
<group name="BUFGMUX">
<item name="S" rev="2">
<attrib name="S_INV" value="1"/><attrib name="S" value="0"/></item>
</group>
</ReportConfigData>
<ReportPinData TimeStamp="Mon Mar 25 15:41:14 2019"><group name="SLICEL_CYMUXF">
<item name="0" rev="2">
<attrib name="value" value="31"/></item>
<item name="1" rev="2">
<attrib name="value" value="31"/></item>
<item name="OUT" rev="2">
<attrib name="value" value="31"/></item>
<item name="S0" rev="2">
<attrib name="value" value="31"/></item>
</group>
<group name="SLICEL_CYMUXG">
<item name="0" rev="2">
<attrib name="value" value="26"/></item>
<item name="1" rev="2">
<attrib name="value" value="26"/></item>
<item name="OUT" rev="2">
<attrib name="value" value="26"/></item>
<item name="S0" rev="2">
<attrib name="value" value="26"/></item>
</group>
<group name="IBUF_PAD">
<item name="PAD" rev="2">
<attrib name="value" value="8"/></item>
</group>
<group name="IBUF_INBUF">
<item name="IN" rev="2">
<attrib name="value" value="8"/></item>
<item name="OUT" rev="2">
<attrib name="value" value="8"/></item>
</group>
<group name="SLICEM_F">
<item name="A1" rev="2">
<attrib name="value" value="132"/></item>
<item name="A2" rev="2">
<attrib name="value" value="132"/></item>
<item name="A3" rev="2">
<attrib name="value" value="131"/></item>
<item name="D" rev="2">
<attrib name="value" value="132"/></item>
</group>
<group name="SLICEM_G">
<item name="A1" rev="2">
<attrib name="value" value="132"/></item>
<item name="A2" rev="2">
<attrib name="value" value="132"/></item>
<item name="A3" rev="2">
<attrib name="value" value="132"/></item>
<item name="D" rev="2">
<attrib name="value" value="132"/></item>
</group>
<group name="BUFGMUX_GCLK_BUFFER">
<item name="IN" rev="2">
<attrib name="value" value="1"/></item>
<item name="OUT" rev="2">
<attrib name="value" value="1"/></item>
</group>
<group name="SLICEM_F6MUX">
<item name="0" rev="2">
<attrib name="value" value="132"/></item>
<item name="1" rev="2">
<attrib name="value" value="132"/></item>
<item name="OUT" rev="2">
<attrib name="value" value="132"/></item>
<item name="S0" rev="2">
<attrib name="value" value="132"/></item>
</group>
<group name="SLICEL">
<item name="BX" rev="2">
<attrib name="value" value="209"/></item>
<item name="BY" rev="2">
<attrib name="value" value="125"/></item>
<item name="CE" rev="2">
<attrib name="value" value="415"/></item>
<item name="CIN" rev="2">
<attrib name="value" value="26"/></item>
<item name="CLK" rev="2">
<attrib name="value" value="440"/></item>
<item name="COUT" rev="2">
<attrib name="value" value="26"/></item>
<item name="F1" rev="2">
<attrib name="value" value="894"/></item>
<item name="F2" rev="2">
<attrib name="value" value="874"/></item>
<item name="F3" rev="2">
<attrib name="value" value="856"/></item>
<item name="F4" rev="2">
<attrib name="value" value="648"/></item>
<item name="F5" rev="2">
<attrib name="value" value="148"/></item>
<item name="FX" rev="2">
<attrib name="value" value="66"/></item>
<item name="FXINA" rev="2">
<attrib name="value" value="106"/></item>
<item name="FXINB" rev="2">
<attrib name="value" value="106"/></item>
<item name="G1" rev="2">
<attrib name="value" value="879"/></item>
<item name="G2" rev="2">
<attrib name="value" value="860"/></item>
<item name="G3" rev="2">
<attrib name="value" value="814"/></item>
<item name="G4" rev="2">
<attrib name="value" value="578"/></item>
<item name="SR" rev="2">
<attrib name="value" value="31"/></item>
<item name="X" rev="2">
<attrib name="value" value="333"/></item>
<item name="XB" rev="2">
<attrib name="value" value="3"/></item>
<item name="XQ" rev="2">
<attrib name="value" value="409"/></item>
<item name="Y" rev="2">
<attrib name="value" value="437"/></item>
<item name="YQ" rev="2">
<attrib name="value" value="305"/></item>
</group>
<group name="SLICEM">
<item name="BX" rev="2">
<attrib name="value" value="132"/></item>
<item name="BY" rev="2">
<attrib name="value" value="132"/></item>
<item name="CLK" rev="2">
<attrib name="value" value="1"/></item>
<item name="F1" rev="2">
<attrib name="value" value="132"/></item>
<item name="F2" rev="2">
<attrib name="value" value="132"/></item>
<item name="F3" rev="2">
<attrib name="value" value="131"/></item>
<item name="F5" rev="2">
<attrib name="value" value="132"/></item>
<item name="FX" rev="2">
<attrib name="value" value="130"/></item>
<item name="FXINA" rev="2">
<attrib name="value" value="132"/></item>
<item name="FXINB" rev="2">
<attrib name="value" value="132"/></item>
<item name="G1" rev="2">
<attrib name="value" value="132"/></item>
<item name="G2" rev="2">
<attrib name="value" value="132"/></item>
<item name="G3" rev="2">
<attrib name="value" value="132"/></item>
<item name="Y" rev="2">
<attrib name="value" value="1"/></item>
<item name="YQ" rev="2">
<attrib name="value" value="1"/></item>
</group>
<group name="SLICEL_F6MUX">
<item name="0" rev="2">
<attrib name="value" value="106"/></item>
<item name="1" rev="2">
<attrib name="value" value="106"/></item>
<item name="OUT" rev="2">
<attrib name="value" value="106"/></item>
<item name="S0" rev="2">
<attrib name="value" value="106"/></item>
</group>
<group name="IOB_OUTBUF">
<item name="IN" rev="2">
<attrib name="value" value="7"/></item>
<item name="OUT" rev="2">
<attrib name="value" value="7"/></item>
</group>
<group name="IBUF">
<item name="I" rev="2">
<attrib name="value" value="8"/></item>
<item name="PAD" rev="2">
<attrib name="value" value="8"/></item>
</group>
<group name="SLICEM_F5MUX">
<item name="F" rev="2">
<attrib name="value" value="132"/></item>
<item name="G" rev="2">
<attrib name="value" value="132"/></item>
<item name="OUT" rev="2">
<attrib name="value" value="132"/></item>
<item name="S0" rev="2">
<attrib name="value" value="132"/></item>
</group>
<group name="SLICEL_C2VDD">
<item name="1" rev="2">
<attrib name="value" value="5"/></item>
</group>
<group name="SLICEL_XORF">
<item name="0" rev="2">
<attrib name="value" value="18"/></item>
<item name="1" rev="2">
<attrib name="value" value="18"/></item>
<item name="O" rev="2">
<attrib name="value" value="18"/></item>
</group>
<group name="SLICEL_FFX">
<item name="CE" rev="2">
<attrib name="value" value="391"/></item>
<item name="CK" rev="2">
<attrib name="value" value="409"/></item>
<item name="D" rev="2">
<attrib name="value" value="409"/></item>
<item name="Q" rev="2">
<attrib name="value" value="409"/></item>
<item name="SR" rev="2">
<attrib name="value" value="20"/></item>
</group>
<group name="SLICEL_FFY">
<item name="CE" rev="2">
<attrib name="value" value="287"/></item>
<item name="CK" rev="2">
<attrib name="value" value="305"/></item>
<item name="D" rev="2">
<attrib name="value" value="305"/></item>
<item name="Q" rev="2">
<attrib name="value" value="305"/></item>
<item name="SR" rev="2">
<attrib name="value" value="29"/></item>
</group>
<group name="SLICEL_XORG">
<item name="0" rev="2">
<attrib name="value" value="18"/></item>
<item name="1" rev="2">
<attrib name="value" value="18"/></item>
<item name="O" rev="2">
<attrib name="value" value="18"/></item>
</group>
<group name="BUFGMUX_GCLKMUX">
<item name="I0" rev="2">
<attrib name="value" value="1"/></item>
<item name="OUT" rev="2">
<attrib name="value" value="1"/></item>
<item name="S" rev="2">
<attrib name="value" value="1"/></item>
</group>
<group name="SLICEL_F5MUX">
<item name="F" rev="2">
<attrib name="value" value="202"/></item>
<item name="G" rev="2">
<attrib name="value" value="202"/></item>
<item name="OUT" rev="2">
<attrib name="value" value="202"/></item>
<item name="S0" rev="2">
<attrib name="value" value="202"/></item>
</group>
<group name="SLICEM_FFY">
<item name="CK" rev="2">
<attrib name="value" value="1"/></item>
<item name="D" rev="2">
<attrib name="value" value="1"/></item>
<item name="Q" rev="2">
<attrib name="value" value="1"/></item>
</group>
<group name="IOB_PAD">
<item name="PAD" rev="2">
<attrib name="value" value="7"/></item>
</group>
<group name="IOB">
<item name="O1" rev="2">
<attrib name="value" value="7"/></item>
<item name="PAD" rev="2">
<attrib name="value" value="7"/></item>
</group>
<group name="SLICEL_C1VDD">
<item name="1" rev="2">
<attrib name="value" value="8"/></item>
</group>
<group name="BUFGMUX">
<item name="I0" rev="2">
<attrib name="value" value="1"/></item>
<item name="O" rev="2">
<attrib name="value" value="1"/></item>
<item name="S" rev="2">
<attrib name="value" value="1"/></item>
</group>
<group name="SLICEL_F">
<item name="A1" rev="2">
<attrib name="value" value="894"/></item>
<item name="A2" rev="2">
<attrib name="value" value="874"/></item>
<item name="A3" rev="2">
<attrib name="value" value="856"/></item>
<item name="A4" rev="2">
<attrib name="value" value="648"/></item>
<item name="D" rev="2">
<attrib name="value" value="894"/></item>
</group>
<group name="SLICEL_G">
<item name="A1" rev="2">
<attrib name="value" value="879"/></item>
<item name="A2" rev="2">
<attrib name="value" value="860"/></item>
<item name="A3" rev="2">
<attrib name="value" value="814"/></item>
<item name="A4" rev="2">
<attrib name="value" value="578"/></item>
<item name="D" rev="2">
<attrib name="value" value="888"/></item>
</group>
<group name="SLICEL_GNDF">
<item name="0" rev="2">
<attrib name="value" value="23"/></item>
</group>
<group name="SLICEL_GNDG">
<item name="0" rev="2">
<attrib name="value" value="21"/></item>
</group>
</ReportPinData>
<CmdHistory>
</CmdHistory>
</DeviceUsageSummary>
