<?xml version="1.0"?>
<Interface Version="1" Minor="1">
	<Ifc Id="ROOT" Top="1">
		<Bus Id="slide">
			<Port Id="2" Dir="IN"/>
			<Port Id="1" Dir="IN"/>
			<Port Id="0" Dir="IN"/>
		</Bus>
		<Bus Id="minpos">
			<Port Id="1" Dir="OUT"/>
			<Port Id="0" Dir="OUT"/>
		</Bus>
		<Port Id="clk" Dir="IN"/>
		<Port Id="lcd_rs" Dir="OUT"/>
		<Port Id="lcd_rw" Dir="OUT"/>
		<Port Id="lcd_e" Dir="OUT"/>
		<Port Id="PB1" Dir="IN"/>
		<Port Id="PB2" Dir="IN"/>
		<Port Id="PB3" Dir="IN"/>
		<Port Id="PB4" Dir="IN"/>
		<Port Id="lcd4" Dir="OUT"/>
		<Port Id="lcd5" Dir="OUT"/>
		<Port Id="lcd6" Dir="OUT"/>
		<Port Id="lcd7" Dir="OUT"/>
	</Ifc>
</Interface>

